web_scraper_order,web_scraper_start_url,data4,data5,data6,data8,title,减价1,time-scraped
1762028375-1,https://www.1-chome.com/mobile?category=RGNg976kptBN7UjF,カートに入れる,"¥177,000",未開封,新品,iPhone 17 Pro 256GB,,2025-11-02 05:19:35
1762028375-2,https://www.1-chome.com/mobile?category=RGNg976kptBN7UjF,カートに入れる,"¥213,000",未開封,新品,iPhone 17 Pro 512GB,,2025-11-02 05:19:35
1762028375-3,https://www.1-chome.com/mobile?category=RGNg976kptBN7UjF,カートに入れる,"¥245,000",未開封,新品,iPhone 17 Pro 1TB,,2025-11-02 05:19:35
1762028375-4,https://www.1-chome.com/mobile?category=RGNg976kptBN7UjF,カートに入れる,"¥196,000",未開封,新品,iPhone 17 Pro Max 256GB,コズミックオレンジ -3000,2025-11-02 05:19:35
1762028375-5,https://www.1-chome.com/mobile?category=RGNg976kptBN7UjF,カートに入れる,"¥230,000",未開封,新品,iPhone 17 Pro Max 512GB,"ディープブルー,コズミックオレンジ -2000",2025-11-02 05:19:35
1762028375-6,https://www.1-chome.com/mobile?category=RGNg976kptBN7UjF,カートに入れる,"¥261,000",未開封,新品,iPhone 17 Pro Max 1TB,,2025-11-02 05:19:35
1762028375-7,https://www.1-chome.com/mobile?category=RGNg976kptBN7UjF,カートに入れる,"¥314,000",未開封,新品,iPhone 17 Pro Max 2TB,,2025-11-02 05:19:35
1762028375-8,https://www.1-chome.com/mobile?category=RGNg976kptBN7UjF,カートに入れる,"¥132,000",未開封,新品,iPhone Air 256GB,,2025-11-02 05:19:35
1762028375-9,https://www.1-chome.com/mobile?category=RGNg976kptBN7UjF,カートに入れる,"¥150,000",未開封,新品,iPhone Air 512GB,"black,blue -4000",2025-11-02 05:19:35
1762028375-10,https://www.1-chome.com/mobile?category=RGNg976kptBN7UjF,カートに入れる,"¥155,000",未開封,新品,iPhone Air 1TB,"black,blue -2000",2025-11-02 05:19:35
1762028375-11,https://www.1-chome.com/mobile?category=RGNg976kptBN7UjF,カートに入れる,"¥130,000",未開封,新品,iPhone 17 256GB,,2025-11-02 05:19:35
1762028375-12,https://www.1-chome.com/mobile?category=RGNg976kptBN7UjF,カートに入れる,"¥159,000",未開封,新品,iPhone 17 512GB,,2025-11-02 05:19:35
1762028375-13,https://www.1-chome.com/mobile?category=RGNg976kptBN7UjF,カートに入れる,"¥153,000",未開封,新品,iPhone 16 Pro 128GB,,2025-11-02 05:19:35
1762028375-14,https://www.1-chome.com/mobile?category=RGNg976kptBN7UjF,カートに入れる,"¥173,500",未開封,新品,iPhone 16 Pro 256GB,,2025-11-02 05:19:35
1762028375-15,https://www.1-chome.com/mobile?category=RGNg976kptBN7UjF,カートに入れる,"¥200,500",未開封,新品,iPhone 16 Pro 512GB,,2025-11-02 05:19:35
1762028375-16,https://www.1-chome.com/mobile?category=RGNg976kptBN7UjF,カートに入れる,"¥218,500",未開封,新品,iPhone 16 Pro 1TB,,2025-11-02 05:19:35
1762028375-17,https://www.1-chome.com/mobile?category=RGNg976kptBN7UjF,カートに入れる,"¥182,500",未開封,新品,iPhone 16 Pro Max 256GB,,2025-11-02 05:19:35
1762028375-18,https://www.1-chome.com/mobile?category=RGNg976kptBN7UjF,カートに入れる,"¥210,500",未開封,新品,iPhone 16 Pro Max 512GB,,2025-11-02 05:19:35
1762028375-19,https://www.1-chome.com/mobile?category=RGNg976kptBN7UjF,カートに入れる,"¥241,500",未開封,新品,iPhone 16 Pro Max 1TB,,2025-11-02 05:19:35
1762028375-20,https://www.1-chome.com/mobile?category=RGNg976kptBN7UjF,カートに入れる,"¥96,000",未開封,新品,iPhone 16 128GB,△未開封-5000/△開封-2500,2025-11-02 05:19:35
1762028375-21,https://www.1-chome.com/mobile?category=RGNg976kptBN7UjF,カートに入れる,"¥111,500",未開封,新品,iPhone 16 256GB,,2025-11-02 05:19:35
1762028375-22,https://www.1-chome.com/mobile?category=RGNg976kptBN7UjF,カートに入れる,"¥119,500",未開封,新品,iPhone 16 512GB,,2025-11-02 05:19:35
1762028375-23,https://www.1-chome.com/mobile?category=RGNg976kptBN7UjF,カートに入れる,"¥106,000",未開封,新品,iPhone 16 Plus 128GB,,2025-11-02 05:19:35
1762028375-24,https://www.1-chome.com/mobile?category=RGNg976kptBN7UjF,カートに入れる,"¥118,500",未開封,新品,iPhone 16 Plus 256GB,,2025-11-02 05:19:35
