model,storage_name,caution_empty,caution_notice,condition_unopened,price_unopened,time-scraped
iPhone17 Pro,iPhone17 Pro 256GB,,,未開封買取価格,"178,000円",2025-12-02 04:49:55.010280+00:00
iPhone17 Pro,iPhone17 Pro 512GB,,,未開封買取価格,"209,500円",2025-12-02 04:49:55.010415+00:00
iPhone17 Pro,iPhone17 Pro 1TB,,,未開封買取価格,"242,000円",2025-12-02 04:49:55.010516+00:00
iPhone17 Pro Max,iPhone17 Pro Max 256GB,,,未開封買取価格,"192,500円",2025-12-02 04:49:55.010750+00:00
iPhone17 Pro Max,iPhone17 Pro Max 512GB,,,未開封買取価格,"227,000円",2025-12-02 04:49:55.010843+00:00
iPhone17 Pro Max,iPhone17 Pro Max 1TB,,,未開封買取価格,"261,000円",2025-12-02 04:49:55.010936+00:00
iPhone17 Pro Max,iPhone17 Pro Max 2TB,,,未開封買取価格,"315,000円",2025-12-02 04:49:55.011028+00:00
iPhone17,iPhone17 256GB,,,未開封買取価格,"129,000円",2025-12-02 04:49:55.011208+00:00
iPhone17,iPhone17 512GB,,,未開封買取価格,"160,000円",2025-12-02 04:49:55.011300+00:00
iPhoneAir,iPhoneAir 256GB,"ブルー・ゴールド： -2,000円(未開封)",,未開封買取価格,"139,000円",2025-12-02 04:49:55.011508+00:00
iPhoneAir,iPhoneAir 512GB,"ブルー・ブラック： -2,000円(未開封)",,未開封買取価格,"150,000円",2025-12-02 04:49:55.011604+00:00
iPhoneAir,iPhoneAir 1TB,"ブルー・ブラック： -2,000円(未開封)",,未開封買取価格,"154,000円",2025-12-02 04:49:55.011695+00:00
iPhone16 Pro,iPhone16 Pro 128GB,,,未開封買取価格,"149,500円",2025-12-02 04:49:55.011922+00:00
iPhone16 Pro,iPhone16 Pro 256GB,,,未開封買取価格,"172,500円",2025-12-02 04:49:55.012013+00:00
iPhone16 Pro,iPhone16 Pro 512GB,,,未開封買取価格,"198,000円",2025-12-02 04:49:55.012104+00:00
iPhone16 Pro,iPhone16 Pro 1TB,,,未開封買取価格,"215,000円",2025-12-02 04:49:55.012200+00:00
iPhone16 Pro Max,iPhone16 Pro Max 256GB,,,未開封買取価格,"181,500円",2025-12-02 04:49:55.012401+00:00
iPhone16 Pro Max,iPhone16 Pro Max 512GB,,,未開封買取価格,"209,000円",2025-12-02 04:49:55.012493+00:00
iPhone16 Pro Max,iPhone16 Pro Max 1TB,,,未開封買取価格,"238,000円",2025-12-02 04:49:55.012582+00:00
iPhone16,iPhone16 128GB,,,未開封買取価格,"94,000円",2025-12-02 04:49:55.012785+00:00
iPhone16,iPhone16 256GB,,,未開封買取価格,"110,500円",2025-12-02 04:49:55.012878+00:00
iPhone16,iPhone16 512GB,,,未開封買取価格,"117,500円",2025-12-02 04:49:55.012968+00:00
iPhone16 Plus,iPhone16 Plus 128GB,,,未開封買取価格,"105,000円",2025-12-02 04:49:55.013171+00:00
iPhone16 Plus,iPhone16 Plus 256GB,,,未開封買取価格,"119,000円",2025-12-02 04:49:55.013261+00:00
iPhone16 Plus,iPhone16 Plus 512GB,,,未開封買取価格,"125,000円",2025-12-02 04:49:55.013351+00:00
iPhone16e,iPhone16e 128GB,,,未開封買取価格,"71,000円",2025-12-02 04:49:55.013555+00:00
iPhone16e,iPhone16e 256GB,,,未開封買取価格,"83,000円",2025-12-02 04:49:55.013652+00:00
iPhone16e,iPhone16e 512GB,,,未開封買取価格,"94,000円",2025-12-02 04:49:55.013742+00:00
iPhone15 Pro,iPhone15 Pro 128GB,,,未開封買取価格,"126,000円",2025-12-02 04:49:55.013970+00:00
iPhone15 Pro,iPhone15 Pro 256GB,,,未開封買取価格,"136,000円",2025-12-02 04:49:55.014060+00:00
iPhone15 Pro,iPhone15 Pro 512GB,,,未開封買取価格,"146,000円",2025-12-02 04:49:55.014149+00:00
iPhone15 Pro,iPhone15 Pro 1TB,,,未開封買取価格,"156,000円",2025-12-02 04:49:55.014237+00:00
iPhone15 Pro Max,iPhone15 Pro Max 256GB,,,未開封買取価格,"151,000円",2025-12-02 04:49:55.014437+00:00
iPhone15 Pro Max,iPhone15 Pro Max 512GB,,,未開封買取価格,"163,000円",2025-12-02 04:49:55.014527+00:00
iPhone15 Pro Max,iPhone15 Pro Max 1TB,,,未開封買取価格,"170,000円",2025-12-02 04:49:55.014622+00:00
iPhone15,iPhone15 128GB,,,未開封買取価格,"81,000円",2025-12-02 04:49:55.014822+00:00
iPhone15,iPhone15 256GB,,,未開封買取価格,"90,000円",2025-12-02 04:49:55.014911+00:00
iPhone15,iPhone15 512GB,,,未開封買取価格,"98,000円",2025-12-02 04:49:55.015001+00:00
iPhone15 Plus,iPhone15 Plus 128GB,,,未開封買取価格,"94,000円",2025-12-02 04:49:55.015209+00:00
iPhone15 Plus,iPhone15 Plus 256GB,,,未開封買取価格,"104,000円",2025-12-02 04:49:55.015301+00:00
iPhone15 Plus,iPhone15 Plus 512GB,,,未開封買取価格,"110,000円",2025-12-02 04:49:55.015397+00:00
iPhone14 Pro,iPhone14 Pro 128GB,,,未開封買取価格,"69,000円",2025-12-02 04:49:55.015620+00:00
iPhone14 Pro,iPhone14 Pro 256GB,,,未開封買取価格,"76,000円",2025-12-02 04:49:55.015710+00:00
iPhone14 Pro,iPhone14 Pro 512GB,,,未開封買取価格,"78,000円",2025-12-02 04:49:55.015813+00:00
iPhone14 Pro,iPhone14 Pro 1TB,,,未開封買取価格,"82,000円",2025-12-02 04:49:55.015903+00:00
iPhone14 Pro Max,iPhone14 Pro Max 128GB,,,未開封買取価格,"82,000円",2025-12-02 04:49:55.016129+00:00
iPhone14 Pro Max,iPhone14 Pro Max 256GB,,,未開封買取価格,"87,000円",2025-12-02 04:49:55.016225+00:00
iPhone14 Pro Max,iPhone14 Pro Max 512GB,,,未開封買取価格,"92,000円",2025-12-02 04:49:55.016317+00:00
iPhone14 Pro Max,iPhone14 Pro Max 1TB,,,未開封買取価格,"94,000円",2025-12-02 04:49:55.016410+00:00
iPhone14,iPhone14 128GB,"イエロー、レッド：-2,000円(未開封)",,未開封買取価格,"68,000円",2025-12-02 04:49:55.016615+00:00
iPhone14,iPhone14 256GB,,,未開封買取価格,"75,000円",2025-12-02 04:49:55.016707+00:00
iPhone14,iPhone14 512GB,,,未開封買取価格,"79,000円",2025-12-02 04:49:55.016797+00:00
iPhone14 Plus,iPhone14 Plus 128GB,,,未開封買取価格,"56,000円",2025-12-02 04:49:55.017004+00:00
iPhone14 Plus,iPhone14 Plus 256GB,,,未開封買取価格,"60,000円",2025-12-02 04:49:55.017097+00:00
iPhone14 Plus,iPhone14 Plus 512GB,,,未開封買取価格,"62,000円",2025-12-02 04:49:55.017185+00:00
iPhoneSE3,iPhoneSE3 64GB,,,未開封買取価格,"45,000円",2025-12-02 04:49:55.017398+00:00
iPhoneSE3,iPhoneSE3 128GB,,,未開封買取価格,"47,000円",2025-12-02 04:49:55.017490+00:00
iPhoneSE3,iPhoneSE3 256GB,,,未開封買取価格,"51,000円",2025-12-02 04:49:55.017582+00:00
iPhone13 Pro Max,iPhone13 Pro Max 128GB,,,未開封買取価格,"61,000円",2025-12-02 04:49:55.017808+00:00
iPhone13 Pro Max,iPhone13 Pro Max 256GB,,,未開封買取価格,"66,000円",2025-12-02 04:49:55.017908+00:00
iPhone13 Pro Max,iPhone13 Pro Max 512GB,,,未開封買取価格,"71,000円",2025-12-02 04:49:55.018005+00:00
iPhone13 Pro Max,iPhone13 Pro Max 1TB,,,未開封買取価格,"75,000円",2025-12-02 04:49:55.018110+00:00
iPhone13 Pro,iPhone13 Pro 128GB,,,未開封買取価格,"51,500円",2025-12-02 04:49:55.018354+00:00
iPhone13 Pro,iPhone13 Pro 256GB,,,未開封買取価格,"58,000円",2025-12-02 04:49:55.018448+00:00
iPhone13 Pro,iPhone13 Pro 512GB,,,未開封買取価格,"61,000円",2025-12-02 04:49:55.018544+00:00
iPhone13 Pro,iPhone13 Pro 1TB,,,未開封買取価格,"64,000円",2025-12-02 04:49:55.018637+00:00
iPhone13 mini,iPhone13 mini 128GB,,,未開封買取価格,"33,000円",2025-12-02 04:49:55.018842+00:00
iPhone13 mini,iPhone13 mini 256GB,,,未開封買取価格,"42,000円",2025-12-02 04:49:55.018935+00:00
iPhone13 mini,iPhone13 mini 512GB,,,未開封買取価格,"47,000円",2025-12-02 04:49:55.019026+00:00
iPhone13,iPhone13 128GB,,,未開封買取価格,"40,500円",2025-12-02 04:49:55.019226+00:00
iPhone13,iPhone13 256GB,,,未開封買取価格,"43,500円",2025-12-02 04:49:55.019317+00:00
iPhone13,iPhone13 512GB,,,未開封買取価格,"45,500円",2025-12-02 04:49:55.019407+00:00
iPhone12 mini,iPhone12 mini 64GB,,,未開封買取価格,"19,500円",2025-12-02 04:49:55.019609+00:00
iPhone12 mini,iPhone12 mini 128GB,,,未開封買取価格,"21,500円",2025-12-02 04:49:55.019699+00:00
iPhone12 mini,iPhone12 mini 256GB,,,未開封買取価格,"25,500円",2025-12-02 04:49:55.019783+00:00
iPhone12,iPhone12 64GB,,,未開封買取価格,"27,000円",2025-12-02 04:49:55.019968+00:00
iPhone12,iPhone12 128GB,,,未開封買取価格,"31,000円",2025-12-02 04:49:55.020054+00:00
iPhone12,iPhone12 256GB,,,未開封買取価格,"33,000円",2025-12-02 04:49:55.020138+00:00
iPhone12 Pro,iPhone12 Pro 128GB,,,未開封買取価格,"35,000円",2025-12-02 04:49:55.020325+00:00
iPhone12 Pro,iPhone12 Pro 256GB,,,未開封買取価格,"38,000円",2025-12-02 04:49:55.020411+00:00
iPhone12 Pro,iPhone12 Pro 512GB,,,未開封買取価格,"39,000円",2025-12-02 04:49:55.020494+00:00
iPhone12 Pro Max,iPhone12 Pro Max 128GB,,,未開封買取価格,"46,000円",2025-12-02 04:49:55.020679+00:00
iPhone12 Pro Max,iPhone12 Pro Max 256GB,,,未開封買取価格,"51,000円",2025-12-02 04:49:55.020762+00:00
iPhone12 Pro Max,iPhone12 Pro Max 512GB,,,未開封買取価格,"52,000円",2025-12-02 04:49:55.020843+00:00
iPhoneSE2,iPhoneSE2 64GB,,,未開封買取価格,"12,500円",2025-12-02 04:49:55.021032+00:00
iPhoneSE2,iPhoneSE2 128GB,,,未開封買取価格,"14,500円",2025-12-02 04:49:55.021115+00:00
iPhoneSE2,iPhoneSE2 256GB,,,未開封買取価格,"15,500円",2025-12-02 04:49:55.021197+00:00
iPhone11,iPhone11 64GB,,,未開封買取価格,"20,500円",2025-12-02 04:49:55.021384+00:00
iPhone11,iPhone11 128GB,,,未開封買取価格,"23,500円",2025-12-02 04:49:55.021467+00:00
iPhone11,iPhone11 256GB,,,未開封買取価格,"24,500円",2025-12-02 04:49:55.021548+00:00
iPhone11 Pro,iPhone11 Pro 64GB,,,未開封買取価格,"24,500円",2025-12-02 04:49:55.021737+00:00
iPhone11 Pro,iPhone11 Pro 256GB,,,未開封買取価格,"29,500円",2025-12-02 04:49:55.021822+00:00
iPhone11 Pro,iPhone11 Pro 512GB,,,未開封買取価格,"31,500円",2025-12-02 04:49:55.021905+00:00
iPhone11 Pro Max,iPhone11 Pro Max 64GB,,,未開封買取価格,"30,500円",2025-12-02 04:49:55.022101+00:00
iPhone11 Pro Max,iPhone11 Pro Max 256GB,,,未開封買取価格,"33,500円",2025-12-02 04:49:55.022183+00:00
iPhone11 Pro Max,iPhone11 Pro Max 512GB,,,未開封買取価格,"34,500円",2025-12-02 04:49:55.022266+00:00
iPhoneXR,iPhoneXR 64GB,,,未開封買取価格,"17,000円",2025-12-02 04:49:55.022452+00:00
iPhoneXR,iPhoneXR 128GB,,,未開封買取価格,"19,000円",2025-12-02 04:49:55.022535+00:00
iPhoneXR,iPhoneXR 256GB,,,未開封買取価格,"20,000円",2025-12-02 04:49:55.022617+00:00
iPhoneXs,iPhoneXs 64GB,,,未開封買取価格,"15,000円",2025-12-02 04:49:55.022803+00:00
iPhoneXs,iPhoneXs 256GB,,,未開封買取価格,"18,000円",2025-12-02 04:49:55.022886+00:00
iPhoneXs,iPhoneXs 512GB,,,未開封買取価格,"19,000円",2025-12-02 04:49:55.022972+00:00
iPhoneXs MAX,iPhoneXs MAX 64GB,,,未開封買取価格,"19,000円",2025-12-02 04:49:55.023157+00:00
iPhoneXs MAX,iPhoneXs MAX 256GB,,,未開封買取価格,"22,000円",2025-12-02 04:49:55.023240+00:00
iPhoneXs MAX,iPhoneXs MAX 512GB,,,未開封買取価格,"24,000円",2025-12-02 04:49:55.023328+00:00
iPhoneX,iPhoneX 64GB,,,未開封買取価格,"14,000円",2025-12-02 04:49:55.023493+00:00
iPhoneX,iPhoneX 256GB,,,未開封買取価格,"16,000円",2025-12-02 04:49:55.023576+00:00
iPhone8,iPhone8 64GB,,,未開封買取価格,"8,000円",2025-12-02 04:49:55.023764+00:00
iPhone8,iPhone8 128GB,,,未開封買取価格,"8,000円",2025-12-02 04:49:55.023847+00:00
iPhone8,iPhone8 256GB,,,未開封買取価格,"9,500円",2025-12-02 04:49:55.023936+00:00
iPhone8 Plus,iPhone8 Plus 64GB,,,未開封買取価格,"10,000円",2025-12-02 04:49:55.024120+00:00
iPhone8 Plus,iPhone8 Plus 128GB,,,未開封買取価格,"10,000円",2025-12-02 04:49:55.024203+00:00
iPhone8 Plus,iPhone8 Plus 256GB,,,未開封買取価格,"12,000円",2025-12-02 04:49:55.024286+00:00
iPhone7,iPhone7 32GB,,,未開封買取価格,"4,500円",2025-12-02 04:49:55.024470+00:00
iPhone7,iPhone7 128GB,,,未開封買取価格,"5,500円",2025-12-02 04:49:55.024552+00:00
iPhone7,iPhone7 256GB,,,未開封買取価格,"6,000円",2025-12-02 04:49:55.024635+00:00
iPhone7 Plus,iPhone7 Plus 32GB,,,未開封買取価格,"5,500円",2025-12-02 04:49:55.024821+00:00
iPhone7 Plus,iPhone7 Plus 128GB,,,未開封買取価格,"6,500円",2025-12-02 04:49:55.024905+00:00
iPhone7 Plus,iPhone7 Plus 256GB,,,未開封買取価格,"7,000円",2025-12-02 04:49:55.024988+00:00
